{"foci": [[1147, 1179], [1143, 1173], [871, 227], [687, 442], [689, 436], [934, 1975], [877, 223], [1143, 1168], [867, 234], [925, 1979], [1135, 1183], [1148, 1169], [868, 239], [1148, 1174], [685, 447], [861, 237], [1625, 1898], [694, 435], [866, 229], [683, 439], [689, 450], [903, 1962], [1151, 1165], [1645, 1929], [938, 1978], [900, 1957], [896, 1952], [903, 1967], [872, 232], [921, 1976], [692, 440], [1142, 1178], [865, 245], [929, 1976], [924, 1971], [870, 244], [867, 224], [876, 228], [901, 1952], [873, 237], [691, 445], [1152, 1178], [872, 222], [860, 242], [862, 232], [860, 247], [1140, 1183], [678, 436], [692, 455], [1149, 1184], [1146, 1164], [864, 220], [681, 444], [1153, 1170], [932, 1980], [687, 455], [898, 1962], [1137, 1178], [1138, 1167], [1138, 1172], [877, 234], [680, 450], [882, 1922], [862, 226], [1648, 1925], [877, 218], [685, 433], [1156, 1174], [857, 234], [921, 1982], [895, 1957], [928, 1983], [695, 451], [676, 445], [856, 239], [881, 226], [672, 432], [869, 218], [1138, 1188], [856, 224], [698, 445], [938, 1972], [931, 1971], [697, 440], [1144, 1186]], "foci_scores": [0.9999892711639404, 0.9997664093971252, 0.999576985836029, 0.9992476105690002, 0.9991939663887024, 0.9990549683570862, 0.9989149570465088, 0.9984879493713379, 0.9979840517044067, 0.9972991347312927, 0.997292697429657, 0.997111439704895, 0.9969674944877625, 0.9955629110336304, 0.9911629557609558, 0.9905163645744324, 0.9900888800621033, 0.9894134402275085, 0.9879710078239441, 0.9837647080421448, 0.9823424816131592, 0.9813373684883118, 0.9787092804908752, 0.9744962453842163, 0.9740875363349915, 0.9707366228103638, 0.9701100587844849, 0.9634678363800049, 0.9513864517211914, 0.9484483599662781, 0.947790801525116, 0.944321870803833, 0.9381323456764221, 0.9354895949363708, 0.9130489826202393, 0.9056615233421326, 0.902357280254364, 0.8981523513793945, 0.897911548614502, 0.8944480419158936, 0.8874316215515137, 0.8866630792617798, 0.8852505683898926, 0.8811311721801758, 0.8772743940353394, 0.8701083660125732, 0.8675662875175476, 0.8666993379592896, 0.8615725040435791, 0.8544614911079407, 0.8515440225601196, 0.8406494855880737, 0.8405721783638, 0.8403766751289368, 0.8342687487602234, 0.830652117729187, 0.8283014893531799, 0.8149538636207581, 0.8102816343307495, 0.8006985187530518, 0.8005461096763611, 0.7926910519599915, 0.7895323634147644, 0.7796103954315186, 0.7782885432243347, 0.7776433229446411, 0.7704378962516785, 0.7632407546043396, 0.7574693560600281, 0.7528109550476074, 0.7523016333580017, 0.7501512765884399, 0.7379211783409119, 0.7353126406669617, 0.7309897541999817, 0.726702094078064, 0.7262350916862488, 0.724906861782074, 0.7175904512405396, 0.7091405987739563, 0.7064376473426819, 0.7058827877044678, 0.7057974934577942, 0.7052578330039978, 0.7045347690582275]}